GridRadius,r1,r2,IdealDifference,PracticalDifference,DoubleIdeal,DoublePractical,SingleIdeal,SinglePractical
0.000000000000000000e+00,0.000000000000000000e+00,2.999999999999999889e-01,-1.049968956135637086e+02,-6.683716102905316347e+01,2.636617298349099201e+02,4.331974219287462802e+02,3.686586254484736287e+02,5.000345829577994436e+02
2.000000000000000000e+02,1.000000000000000000e+00,1.300000000000000044e+00,-6.649003450482203448e+01,-3.664804934029979222e+01,1.782185459860381798e+02,2.843189419419895785e+02,2.447085804908602142e+02,3.209669912822893707e+02
4.000000000000000000e+02,2.000000000000000000e+00,2.299999999999999822e+00,-4.633309662624455427e+01,-2.036070056389201000e+01,1.344318498805963600e+02,2.081591791576185528e+02,1.807649465068409143e+02,2.285198797215105628e+02
6.000000000000000000e+02,3.000000000000000000e+00,3.299999999999999822e+00,-3.034552878111608720e+01,-6.246461846062032919e+00,1.045605374818508437e+02,1.556641616919382898e+02,1.349060662629669309e+02,1.619106235380003227e+02
8.000000000000000000e+02,4.000000000000000000e+00,4.299999999999999822e+00,-2.324385332224541401e+01,-4.878723015464387913e+00,7.652008978970064845e+01,1.080204602910805392e+02,9.976394311194606246e+01,1.128991833065449271e+02
1.000000000000000000e+03,5.000000000000000000e+00,5.299999999999999822e+00,-1.813878682737875181e+01,-1.332807247131739814e-01,7.055622280242815236e+01,9.789120400564657132e+01,8.869500962980690417e+01,9.802448473035974530e+01
1.200000000000000000e+03,6.000000000000000000e+00,6.299999999999999822e+00,-1.405278121771641509e+01,2.933033654196592011e+00,6.361987773891375753e+01,8.617293806114371080e+01,7.767265895663017261e+01,8.323990440694711879e+01
1.400000000000000000e+03,7.000000000000000000e+00,7.299999999999999822e+00,-3.881619898800693136e+00,8.487014081066192261e+00,4.107434408169439166e+01,4.993270462620554184e+01,4.495596398049508480e+01,4.144569054513934958e+01
1.600000000000000000e+03,8.000000000000000000e+00,8.300000000000000711e+00,-6.046953981571100201e+00,1.247546330414039062e+01,6.070541245045421164e+01,8.278803980608630297e+01,6.675236643202531184e+01,7.031257650194591236e+01
