NU_Users,NU_Double_Cont,NU_Double_B1,NU_Double_B2,NU_Double_B3,NU_Single_Cont,NU_Single_B1,NU_Single_B2,NU_Single_B3
5.000000000000000000e+00,7.599570987260051072e+07,6.748750234548617899e+07,6.667463703542399406e+07,7.040401530996033549e+07,7.019919288925316930e+07,6.469574933934006840e+07,6.413268026533988863e+07,6.502791449845109135e+07
1.000000000000000000e+01,1.768287285959349871e+08,1.702259793299048245e+08,1.711299563522806764e+08,1.726525875952796340e+08,1.700681194451096058e+08,1.680110484619352520e+08,1.659840648510587215e+08,1.662467319961649776e+08
2.000000000000000000e+01,3.619751728839015961e+08,3.504714325336865783e+08,3.486839398681754470e+08,3.521443767416151166e+08,3.562044565421073437e+08,3.463098112634953260e+08,3.471930988751120567e+08,3.500845570017344952e+08
2.500000000000000000e+01,4.184508622465451956e+08,4.014309724047251940e+08,4.022693072296090126e+08,4.045212947257825136e+08,4.050420124884786010e+08,3.964660879121567607e+08,3.959793022718572021e+08,3.967044681103310585e+08
5.000000000000000000e+01,7.372321363366158009e+08,7.223936169391183853e+08,7.274195321129610538e+08,7.266209095665147305e+08,7.308476799932253361e+08,7.209871553039379120e+08,7.239122566261210442e+08,7.247606617989075184e+08
1.000000000000000000e+02,1.616408250784941196e+09,1.606596643043867588e+09,1.604570557202377319e+09,1.607574312181315660e+09,1.609747903496947765e+09,1.602741788616823912e+09,1.602809445431905031e+09,1.603022218542528629e+09
