Users,Double_Cont, Double_B1,Double_B2,Double_B3,Single_Cont,Single_B1,Single_B2,Single_B3
5.000000000000000000e+00,1.089157843575954843e+01,2.791145476146144588e+01,2.528866679259938621e+01,1.882816301739626041e+01,1.537731634671628456e+01,2.702322522460903542e+01,2.587587448552595504e+01,2.184505668612351670e+01
1.000000000000000000e+01,1.807943480330366981e+01,4.542419758350141024e+01,4.125359074042317786e+01,3.081391571163216625e+01,2.454359092176674650e+01,4.191624704560734926e+01,4.028776220064702329e+01,3.425790651011867993e+01
2.000000000000000000e+01,3.427090970754909449e+01,8.434714710443617491e+01,7.736964789458730252e+01,5.777834727867434594e+01,4.607517080042959634e+01,7.652339417873368177e+01,7.472914922630029366e+01,6.332621514973867249e+01
2.500000000000000000e+01,4.103800937635671886e+01,1.001367523138506499e+02,9.163717105053554235e+01,6.858581958319176408e+01,5.547254468947337358e+01,9.137247182332748707e+01,8.926662163529270799e+01,7.578655955919990106e+01
5.000000000000000000e+01,7.284906039412373957e+01,1.710552744096361835e+02,1.591041069631172320e+02,1.196818529187492288e+02,9.473033738516900826e+01,1.491827407677441215e+02,1.482014680958029089e+02,1.261484044217966272e+02
1.000000000000000000e+02,1.267080287355211539e+02,2.808550648339095801e+02,2.654088455394113453e+02,2.016406594424655907e+02,1.583277032436007232e+02,2.327045174591375769e+02,2.358009097934923659e+02,2.021443812886464855e+02
