NU_Users,NU_Double_Cont,NU_Double_B1,NU_Double_B2,NU_Double_B3,NU_Single_Cont,NU_Single_B1,NU_Single_B2,NU_Single_B3
5.000000000000000000e+00,9.042885025348046422e+07,1.089919833231959790e+08,1.088794954653037041e+08,1.011011094093453586e+08,1.004339778187879771e+08,9.854420430982765555e+07,1.011822379907370508e+08,9.700228955831231177e+07
1.000000000000000000e+01,1.857742503834600747e+08,2.185824458495440483e+08,2.275998110705026984e+08,2.101831290009643435e+08,1.939232143259789050e+08,1.833533217420715690e+08,1.983754033226823807e+08,1.924706982548906505e+08
2.000000000000000000e+01,3.332024289393484592e+08,3.650704223544559479e+08,3.814579563974529505e+08,3.561881535858980417e+08,3.397544420088373423e+08,3.068622173016773462e+08,3.229509356426471472e+08,3.148097729510428309e+08
2.500000000000000000e+01,3.764646978122662306e+08,3.964218384014948010e+08,4.191342963501822352e+08,3.937615179059588313e+08,3.929709057295712829e+08,3.282232859416126609e+08,3.629821124610025883e+08,3.532999419188641310e+08
