NU_Users,NU_Double_Cont,NU_Double_B1,NU_Double_B2,NU_Double_B3,NU_Single_Cont,NU_Single_B1,NU_Single_B2,NU_Single_B3
5.000000000000000000e+00,5.875849820141465507e+00,1.328965383147009049e+01,1.208038518705997078e+01,9.415379311807400953e+00,8.192951421858643002e+00,1.296225895959822161e+01,1.241584574319408318e+01,1.086350541446327433e+01
1.000000000000000000e+01,1.090607358186698406e+01,2.422658423479035150e+01,2.215970594951395611e+01,1.730633346243109472e+01,1.487998369757373496e+01,2.291060016493153384e+01,2.214661375268460830e+01,1.943149688392979613e+01
2.000000000000000000e+01,2.047822319712065209e+01,4.428883607445033732e+01,4.094982289026580702e+01,3.207671114323803607e+01,2.661346699480272449e+01,3.909135154783904653e+01,3.861414756611071653e+01,3.396736410812578555e+01
2.500000000000000000e+01,2.442408481613486160e+01,5.209550411101287182e+01,4.837306805300435997e+01,3.796239821206138032e+01,3.267954886829735983e+01,4.729892044477370661e+01,4.708064262277212464e+01,4.139876915723898065e+01
5.000000000000000000e+01,4.376852618002300943e+01,8.783418555065037481e+01,8.370516800944972147e+01,6.598605263649861286e+01,5.735562132111808609e+01,7.672529137716966829e+01,7.894093883006406998e+01,6.951078078382079184e+01
1.000000000000000000e+02,7.998922184078118391e+01,1.481585949656611092e+02,1.457760876458579844e+02,1.154940266194831793e+02,1.003713564860221936e+02,1.221718552876148607e+02,1.299355715639059667e+02,1.145003288335311424e+02
