NU_Users,NU_Double_Cont,NU_Double_B1,NU_Double_B2,NU_Double_B3,NU_Single_Cont,NU_Single_B1,NU_Single_B2,NU_Single_B3
5.000000000000000000e+00,1.268334736408775060e-02,6.613548951774494977e-02,4.951468758934578218e-02,2.766561264612130838e-02,2.038230262459711159e-02,6.425622568639702270e-02,5.590430314451430571e-02,3.698248097438303073e-02
1.000000000000000000e+01,2.577855987968829393e-02,1.365836653876068008e-01,1.010315223610569330e-01,5.586182792750611636e-02,4.250355389967461900e-02,1.361639596496897475e-01,1.147028939098307249e-01,7.682970714319214967e-02
2.000000000000000000e+01,4.227225830006779705e-02,2.135698829232647311e-01,1.587915902576656491e-01,8.823483668211061504e-02,6.689350744832980866e-02,2.014580592344505372e-01,1.717493350829346066e-01,1.155736313895398132e-01
2.500000000000000000e+01,5.119391632287512151e-02,2.514868454808961151e-01,1.874915422262143361e-01,1.051593079721371699e-01,8.036232397021426943e-02,2.370700886285294351e-01,2.026739641727232089e-01,1.384481500667081866e-01
5.000000000000000000e+01,8.483614183557612598e-02,3.884241998987433830e-01,2.952134783012815844e-01,1.688139172350803519e-01,1.305451666527692733e-01,3.494574976155678248e-01,3.058072460140461302e-01,2.126984798102390661e-01
1.000000000000000000e+02,1.572378780454991853e-01,6.626183029644684419e-01,5.187571753361424065e-01,2.979054323078863531e-01,2.363511787998678615e-01,5.653044802793246726e-01,5.218766485558434809e-01,3.647431792945857731e-01
2.000000000000000000e+02,2.662323415341751875e-01,9.564852136636258217e-01,7.988820867571624351e-01,4.720025380654040426e-01,3.755139856432133105e-01,7.358606377039503821e-01,7.308894816897623103e-01,5.201665830142090385e-01
4.000000000000000000e+02,4.353606681034900561e-01,1.248130194731139619e+00,1.132585429418852874e+00,6.954910429729526111e-01,5.658757035960927384e-01,8.739584516452952867e-01,9.305555877702825773e-01,6.854187772252439137e-01
