Users,Double_Cont, Double_B1,Double_B2,Double_B3,Single_Cont,Single_B1,Single_B2,Single_B3
5.000000000000000000e+00,4.291460861838689134e+00,9.072407282492484626e+00,8.424347275777881450e+00,6.639936848195191033e+00,5.668005995411111719e+00,8.163045221982399013e+00,8.009701400621816347e+00,7.104573129730948011e+00
1.000000000000000000e+01,7.804842535003526649e+00,1.590632119925187915e+01,1.506153251735926979e+01,1.187264746394731496e+01,1.027717511964726782e+01,1.440312443816531918e+01,1.432019608488680262e+01,1.268406427294719840e+01
2.000000000000000000e+01,1.396284378831399842e+01,2.751694777739152542e+01,2.580169634846123117e+01,2.061881056489470510e+01,1.820177950334949912e+01,2.410751320461872638e+01,2.430423049289386483e+01,2.174484758654509164e+01
2.500000000000000000e+01,1.565551786010529156e+01,2.959222248885529183e+01,2.834677408297309142e+01,2.252647684806644435e+01,1.966996059384182516e+01,2.478219721645605489e+01,2.540138078390739196e+01,2.249131549758735815e+01
5.000000000000000000e+01,2.985320332389718700e+01,5.374662661958936383e+01,5.273917999865586381e+01,4.197771867242762056e+01,3.643814352059725081e+01,4.162807842592690832e+01,4.512140837024203677e+01,4.016449265065003260e+01
1.000000000000000000e+02,5.113890073170581729e+01,8.221732210044756073e+01,8.411755507821516176e+01,6.745371289102784829e+01,6.089342107121542824e+01,6.156382464395155552e+01,6.929290561625005296e+01,6.187518025492226315e+01
