Users,Double_Cont, Double_B1,Double_B2,Double_B3,Single_Cont,Single_B1,Single_B2,Single_B3
5.000000000000000000e+00,3.812900951732363986e+00,7.874230930759162028e+00,7.273175862701322103e+00,5.757868303112925190e+00,5.056915841827182234e+00,7.064294864600852542e+00,7.053517265733571406e+00,6.283750540769027282e+00
1.000000000000000000e+01,7.278843992694194576e+00,1.781091916236871953e+01,1.637614932997659878e+01,1.283199782699303881e+01,9.477527870994499892e+00,1.665152302466553635e+01,1.622277333533000387e+01,1.420665449831256844e+01
2.000000000000000000e+01,1.437629549463481915e+01,3.429698356205492615e+01,3.210470157667518265e+01,2.510613143405003456e+01,1.826871098852707220e+01,3.166879723629707399e+01,3.135449812831211958e+01,2.747503437127817350e+01
2.500000000000000000e+01,1.726910937547229707e+01,3.966098430167107125e+01,3.702919331038272333e+01,2.913136257531355611e+01,2.236838783491268146e+01,3.593188270025811448e+01,3.577044974765662744e+01,3.158944089148971557e+01
5.000000000000000000e+01,2.772685608469588558e+01,5.797123514684919598e+01,5.621152410754726247e+01,4.444986507912424401e+01,3.371931900158818252e+01,4.803353126364688563e+01,5.034591208263768891e+01,4.441210649200624516e+01
1.000000000000000000e+02,4.888642321522598877e+01,9.447945615983337575e+01,9.446394043221872039e+01,7.548234483233778747e+01,5.838986720961231214e+01,7.740360143767253476e+01,8.268773451061250057e+01,7.321300314301083745e+01
