NU_Usersee,NU_Double_Contee,NU_Double_B1ee,NU_Double_B2ee,NU_Double_B3ee,NU_Single_Contee,NU_Single_B1ee,NU_Single_B2ee,NU_Single_B3ee
5.000000000000000000e+00,1.198170288398931436e-02,6.245896436997802614e-02,4.518632073288843948e-02,2.502573746864271767e-02,1.877290701197270248e-02,5.868515727116047770e-02,5.034303436438625906e-02,3.332273308427928515e-02
1.000000000000000000e+01,2.142989712132220212e-02,1.079738723677680784e-01,7.978652097662833342e-02,4.445742389953027951e-02,3.424233626582923185e-02,1.051890292918750969e-01,8.861622385185739803e-02,6.075926254171615942e-02
2.000000000000000000e+01,4.246928108198461116e-02,2.106617138700645209e-01,1.571972427336384426e-01,8.790107446310974071e-02,6.692310990547981064e-02,1.990367488777868843e-01,1.682620843094462249e-01,1.149543991406644095e-01
2.500000000000000000e+01,5.127422506877152286e-02,2.541921006545643791e-01,1.895619075939692089e-01,1.060834704522356509e-01,7.918238217819867364e-02,2.315445669786003746e-01,1.986000297790017632e-01,1.357974506980161866e-01
5.000000000000000000e+01,8.715825475484306750e-02,4.032811097538953060e-01,3.050130183297391495e-01,1.741857990761408737e-01,1.333354037356940247e-01,3.534141265356421924e-01,3.134126792341244694e-01,2.180993803807226850e-01
1.000000000000000000e+02,1.646295091623100892e-01,7.010116705440779805e-01,5.495489760641543153e-01,3.166063327953507756e-01,2.427801778427955415e-01,5.867358723943358889e-01,5.364117184682911654e-01,3.753710798287568373e-01
2.000000000000000000e+02,2.779103861328601766e-01,1.028814045448622982e+00,8.495236144780891063e-01,5.004390488046402963e-01,3.881386790870643977e-01,7.743286149994854650e-01,7.670134951849290061e-01,5.468294486595554060e-01
4.000000000000000000e+02,4.249567112018279302e-01,1.213703655418939764e+00,1.101620979100192743e+00,6.755310736151290962e-01,5.512577044469187948e-01,8.429730041664487139e-01,9.061487339210961833e-01,6.671083832143284154e-01
